INSERT INTO `user` (`id`, `create_by`, `create_date`, `update_by`, `update_date`, `version`, `account`, `admin`, `avatar`, `deleted`, `nickname`, `password`, `salt`, `state`) VALUES (1, NULL, '2018-08-28 20:09:46', NULL, '2018-08-28 20:09:46', 1, 'admin', b'1', '/static/user/admin.png', b'0', '管理员', '0739a3369c10164836bbda99788b621d', 'db56539e2484c7e9fc518e3d9a7b8e4e', 1);
INSERT INTO `user` (`id`,  `create_by`, `create_date`, `update_by`, `update_date`, `version`, `account`, `admin`, `avatar`, `deleted`, `nickname`, `password`, `salt`, `state`) VALUES (2, NULL, '2018-09-01 20:55:06', NULL, '2018-09-01 20:55:06', 1, 'test', b'0', '/static/user/user_4.png', b'0', '测试', '713bfa4e379c765bc40f8e49b9fdb572', '1890fa04d9af7dc0028b9588d88f082d', 1);

INSERT INTO `sys_role` (`id`, `available`,`description`,`role`) VALUES (1, 0,'管理员','admin');
INSERT INTO `sys_role` (`id`, `available`,`description`,`role`) VALUES (2, 1,'普通会员','ordinary');

INSERT INTO `sys_user_role` (`role_id`,`id`) VALUES (1,1);
INSERT INTO `sys_user_role` (`role_id`,`id`) VALUES (2,2);

INSERT INTO `category` (`id`, `category_name`, `create_by`, `create_date`) VALUES (1, '推荐', 1,sysdate());
INSERT INTO `category` (`id`, `category_name`, `create_by`, `create_date`) VALUES (2, '附近', 1,sysdate());
INSERT INTO `category` (`id`, `category_name`, `create_by`, `create_date`) VALUES (3, '理财', 1,sysdate());
INSERT INTO `category` (`id`, `category_name`, `create_by`, `create_date`) VALUES (4, '生活', 1,sysdate());
INSERT INTO `category` (`id`, `category_name`, `create_by`, `create_date`) VALUES (5, '健康', 1,sysdate());
INSERT INTO `category` (`id`, `category_name`, `create_by`, `create_date`) VALUES (6, '购物', 1,sysdate());
INSERT INTO `category` (`id`, `category_name`, `create_by`, `create_date`) VALUES (7, '新时代', 1,sysdate());
INSERT INTO `category` (`id`, `category_name`, `create_by`, `create_date`) VALUES (8, '科技', 1,sysdate());
INSERT INTO `category` (`id`, `category_name`, `create_by`, `create_date`) VALUES (9, '时尚', 1,sysdate());
INSERT INTO `category` (`id`, `category_name`, `create_by`, `create_date`) VALUES (10, '电影', 1,sysdate());
INSERT INTO `category` (`id`, `category_name`, `create_by`, `create_date`) VALUES (11, '娱乐', 1,sysdate());
INSERT INTO `category` (`id`, `category_name`, `create_by`, `create_date`) VALUES (12, '财经', 1,sysdate());
INSERT INTO `category` (`id`, `category_name`, `create_by`, `create_date`) VALUES (13, '要闻', 1,sysdate());
INSERT INTO `category` (`id`, `category_name`, `create_by`, `create_date`) VALUES (14, 'NBA', 1,sysdate());
INSERT INTO `category` (`id`, `category_name`, `create_by`, `create_date`) VALUES (15, '股票', 1,sysdate());
INSERT INTO `category` (`id`, `category_name`, `create_by`, `create_date`) VALUES (16, '国际', 1,sysdate());
INSERT INTO `category` (`id`, `category_name`, `create_by`, `create_date`) VALUES (17, '军事', 1,sysdate());
INSERT INTO `category` (`id`, `category_name`, `create_by`, `create_date`) VALUES (18, '体育', 1,sysdate());
INSERT INTO `category` (`id`, `category_name`, `create_by`, `create_date`) VALUES (19, '军事', 1,sysdate());
INSERT INTO `category` (`id`, `category_name`, `create_by`, `create_date`) VALUES (20, '美食', 1,sysdate());
INSERT INTO `category` (`id`, `category_name`, `create_by`, `create_date`) VALUES (21, '法制', 1,sysdate());
INSERT INTO `category` (`id`, `category_name`, `create_by`, `create_date`) VALUES (22, '汽车', 1,sysdate());
INSERT INTO `category` (`id`, `category_name`, `create_by`, `create_date`) VALUES (23, '历史', 1,sysdate());
INSERT INTO `category` (`id`, `category_name`, `create_by`, `create_date`) VALUES (24, '数码', 1,sysdate());
INSERT INTO `category` (`id`, `category_name`, `create_by`, `create_date`) VALUES (25, '游戏', 1,sysdate());
INSERT INTO `category` (`id`, `category_name`, `create_by`, `create_date`) VALUES (26, '故事', 1,sysdate());
INSERT INTO `category` (`id`, `category_name`, `create_by`, `create_date`) VALUES (27, '搞笑', 1,sysdate());
INSERT INTO `category` (`id`, `category_name`, `create_by`, `create_date`) VALUES (28, '家具', 1,sysdate());
INSERT INTO `category` (`id`, `category_name`, `create_by`, `create_date`) VALUES (29, '星座', 1,sysdate());
INSERT INTO `category` (`id`, `category_name`, `create_by`, `create_date`) VALUES (30, '动漫', 1,sysdate());
INSERT INTO `category` (`id`, `category_name`, `create_by`, `create_date`) VALUES (31, '养生', 1,sysdate());
INSERT INTO `category` (`id`, `category_name`, `create_by`, `create_date`) VALUES (32, '手机', 1,sysdate());

INSERT INTO `user_category` (`id`, `create_by`, `create_date`, `update_by`, `update_date`, `version`, `category_id`, `user_id`) VALUES (1, NULL, '2018-09-02 11:45:11', NULL, '2018-09-02 11:45:11', 1, 1, 1);

INSERT INTO `article_body3` (`id`, `content`) VALUES (1, '<p>又有一省份出现省级组织部部长调整。</p><p>据川报观察客户端8月30日消息，近日，经中共中央批准：王正谱同志任中共四川省委委员、常委。</p><img src="http://localhost:8888/image/1/1/1/1.jpg" img_width="550" img_height="338" alt="7月以来6省份党委组织部长调整：辽宁王正谱任四川省委常委" inline="0"><p>王正谱 资料图</p><p>王正谱，男，汉族，1963年8月生，山东烟台人。1987年7月参加工作，1987年4月加入中国共产党，大学学历，学士学位，高级经济师。 </p><p>王正谱是中组部2010年组织央地交流官员时，66名下派的京官之一。他曾任原农业部办公厅副主任、巡视员，农业部新闻发言人，原农业部财务司司长等职，2010年10月出任辽宁省辽阳市委副书记，市政府副市长、代市长 ，之后历任辽阳市长、辽阳市委书记，2015年10月任辽宁省委组织部副部长，2016年6月任省委组织部常务副部长，并于当年10月出任辽宁省委常委、组织部部长。</p><p>今年7月以来，接连6个省份出现省级组织部部长调整。</p><p>7月2日，十九届中央候补委员、湖北省委常委、组织部部长于绍良转任上海市委常委、组织部部长，填补履新吉林省委常委、常务副省长的吴靖平留下的职缺。</p><p>7月3日，2010年下派“京官”之一、四川省委常委、组织部部长黄建发转任浙江省委常委、组织部部长，接替任振鹤转任浙江省委常委、省纪委书记后留下的职缺。</p><p>7月6日，据安徽日报客户端消息，日前中央决定：严植婵同志不再担任安徽省委常委、委员职务，另有任用。严植婵此前担任安徽省委常委、组织部部长，现已出任广西壮族自治区党委常委、副主席。</p><p>此外，8月28日，中共广西壮族自治区委员会发布的王可同志免职的通知显示，经中共中央组织部同意，自治区党委研究决定：免去王可同志的自治区党委组织部部长职务。 </p>');
INSERT INTO `article_body3` (`id`, `content`) VALUES (2, 'content2');
INSERT INTO `article_body3` (`id`, `content`) VALUES (3, 'content3');

INSERT INTO `article` (`id`, `author_user_id`, privilege, article_type, `create_date`, `weight`, `title`, `article_body3_id`) VALUES (1, 2, 1, 3, sysdate(), 0, '7月以来6省份党委组织部长调整：辽宁王正谱任四川省委常委', 1);
INSERT INTO `article` (`id`, `author_user_id`, privilege, article_type, `create_date`, `weight`, `title`, `article_body3_id`) VALUES (2, 2, 1, 3, sysdate(), 0, 'title2', 2);
INSERT INTO `article` (`id`, `author_user_id`, privilege, article_type, `create_date`, `weight`, `title`, `article_body3_id`) VALUES (3, 2, 1, 3, sysdate(), 0, 'title3', 3);

INSERT INTO `user_search_history` (`id`, `create_by`, `create_date`, `update_by`, `update_date`, `version`, `content`, `user_id`) VALUES (1, NULL, NULL, NULL, NULL, 1, '不想结婚', 2);
INSERT INTO `user_search_history` (`id`, `create_by`, `create_date`, `update_by`, `update_date`, `version`, `content`, `user_id`) VALUES (2, NULL, NULL, NULL, NULL, 1, '苏州', 2);
INSERT INTO `user_search_history` (`id`, `create_by`, `create_date`, `update_by`, `update_date`, `version`, `content`, `user_id`) VALUES (3, NULL, NULL, NULL, NULL, 1, '苏州小学', 2);
INSERT INTO `user_search_history` (`id`, `create_by`, `create_date`, `update_by`, `update_date`, `version`, `content`, `user_id`) VALUES (4, NULL, NULL, NULL, NULL, 1, '滴滴最新消息', 2);
INSERT INTO `user_search_history` (`id`, `create_by`, `create_date`, `update_by`, `update_date`, `version`, `content`, `user_id`) VALUES (5, NULL, '2018-09-02 00:28:22', NULL, '2018-09-02 00:28:22', 1, '菜谱', 1);
INSERT INTO `user_search_history` (`id`, `create_by`, `create_date`, `update_by`, `update_date`, `version`, `content`, `user_id`) VALUES (6, NULL, '2018-09-02 00:30:22', NULL, '2018-09-02 00:30:22', 1, '亚运会金牌榜', 1);
INSERT INTO `user_search_history` (`id`, `create_by`, `create_date`, `update_by`, `update_date`, `version`, `content`, `user_id`) VALUES (7, NULL, '2018-09-02 00:32:09', NULL, '2018-09-02 00:32:09', 1, '我的世界动画', 1);
INSERT INTO `user_search_history` (`id`, `create_by`, `create_date`, `update_by`, `update_date`, `version`, `content`, `user_id`) VALUES (8, NULL, '2018-09-02 00:33:00', NULL, '2018-09-02 00:33:00', 1, '火灾致19死', 1);
INSERT INTO `user_search_history` (`id`, `create_by`, `create_date`, `update_by`, `update_date`, `version`, `content`, `user_id`) VALUES (9, NULL, '2018-09-02 00:33:19', NULL, '2018-09-02 00:33:19', 1, '浙江暂停顺风车', 1);
INSERT INTO `user_search_history` (`id`, `create_by`, `create_date`, `update_by`, `update_date`, `version`, `content`, `user_id`) VALUES (10, NULL, '2018-09-02 00:33:34', NULL, '2018-09-02 00:33:34', 1, '全国菜价集体上涨', 1);
INSERT INTO `user_search_history` (`id`, `create_by`, `create_date`, `update_by`, `update_date`, `version`, `content`, `user_id`) VALUES (11, NULL, '2018-09-02 00:34:04', NULL, '2018-09-02 00:34:04', 1, '23省平均工资', 1);
INSERT INTO `user_search_history` (`id`, `create_by`, `create_date`, `update_by`, `update_date`, `version`, `content`, `user_id`) VALUES (12, NULL, '2018-09-02 00:34:33', NULL, '2018-09-02 00:34:33', 1, '国产航母二次试海', 1);

INSERT INTO `search_key_word` (`id`, `count`, `word`) VALUES (1, 1, '菜谱');
INSERT INTO `search_key_word` (`id`, `count`, `word`) VALUES (2, 1, '亚运会');
INSERT INTO `search_key_word` (`id`, `count`, `word`) VALUES (3, 1, '金牌榜');
INSERT INTO `search_key_word` (`id`, `count`, `word`) VALUES (4, 1, '世界');
INSERT INTO `search_key_word` (`id`, `count`, `word`) VALUES (5, 1, '动画');
INSERT INTO `search_key_word` (`id`, `count`, `word`) VALUES (6, 2, '火灾');
INSERT INTO `search_key_word` (`id`, `count`, `word`) VALUES (7, 1, '浙江');
INSERT INTO `search_key_word` (`id`, `count`, `word`) VALUES (8, 1, '暂停');
INSERT INTO `search_key_word` (`id`, `count`, `word`) VALUES (9, 1, '风车');
INSERT INTO `search_key_word` (`id`, `count`, `word`) VALUES (10, 1, '全国');
INSERT INTO `search_key_word` (`id`, `count`, `word`) VALUES (11, 1, '菜价');
INSERT INTO `search_key_word` (`id`, `count`, `word`) VALUES (12, 1, '集体');
INSERT INTO `search_key_word` (`id`, `count`, `word`) VALUES (13, 1, '上涨');
INSERT INTO `search_key_word` (`id`, `count`, `word`) VALUES (14, 1, '平均工资');
INSERT INTO `search_key_word` (`id`, `count`, `word`) VALUES (15, 1, '国产');
INSERT INTO `search_key_word` (`id`, `count`, `word`) VALUES (16, 1, '航母');
INSERT INTO `search_key_word` (`id`, `count`, `word`) VALUES (17, 1, '二次');

INSERT INTO `search_history_keywords` (`skw_id`, `sh_id`) VALUES (1, 5);
INSERT INTO `search_history_keywords` (`skw_id`, `sh_id`) VALUES (2, 6);
INSERT INTO `search_history_keywords` (`skw_id`, `sh_id`) VALUES (3, 7);
INSERT INTO `search_history_keywords` (`skw_id`, `sh_id`) VALUES (4, 8);
INSERT INTO `search_history_keywords` (`skw_id`, `sh_id`) VALUES (5, 9);
INSERT INTO `search_history_keywords` (`skw_id`, `sh_id`) VALUES (6, 10);
INSERT INTO `search_history_keywords` (`skw_id`, `sh_id`) VALUES (7, 11);
INSERT INTO `search_history_keywords` (`skw_id`, `sh_id`) VALUES (8, 12);
INSERT INTO `search_history_keywords` (`skw_id`, `sh_id`) VALUES (9, 13);
INSERT INTO `search_history_keywords` (`skw_id`, `sh_id`) VALUES (10, 14);
INSERT INTO `search_history_keywords` (`skw_id`, `sh_id`) VALUES (11, 15);
INSERT INTO `search_history_keywords` (`skw_id`, `sh_id`) VALUES (12, 16);
INSERT INTO `search_history_keywords` (`skw_id`, `sh_id`) VALUES (13, 17);
INSERT INTO `search_history_keywords` (`skw_id`, `sh_id`) VALUES (14, 18);
INSERT INTO `search_history_keywords` (`skw_id`, `sh_id`) VALUES (15, 19);
INSERT INTO `search_history_keywords` (`skw_id`, `sh_id`) VALUES (16, 20);
INSERT INTO `search_history_keywords` (`skw_id`, `sh_id`) VALUES (17, 21);